{
  "IcoMoonType": "selection",
  "icons": [
    {
      "icon": {
        "paths": [
          "M481.835 243.499l225.835 225.835h-494.336c-23.552 0-42.667 19.115-42.667 42.667s19.115 42.667 42.667 42.667h494.336l-225.835 225.835c-16.683 16.683-16.683 43.691 0 60.331s43.691 16.683 60.331 0l298.667-298.667c3.925-3.925 7.083-8.619 9.259-13.824 4.309-10.453 4.309-22.229 0-32.683-2.091-5.035-5.163-9.728-9.259-13.824l-298.667-298.667c-16.683-16.683-43.691-16.683-60.331 0s-16.683 43.691 0 60.331z"
        ],
        "attrs": [
          {}
        ],
        "isMulticolor": false,
        "isMulticolor2": false,
        "tags": [
          "arrow-right"
        ],
        "grid": 24
      },
      "attrs": [
        {}
      ],
      "properties": {
        "order": 1,
        "id": 1,
        "prevSize": 24,
        "name": "arrow-right"
      },
      "setIdx": 0,
      "setId": 6,
      "iconIdx": 0
    },
    {
      "icon": {
        "paths": [
          "M542.165 780.501l-225.835-225.835h494.336c23.552 0 42.667-19.115 42.667-42.667s-19.115-42.667-42.667-42.667h-494.336l225.835-225.835c16.683-16.683 16.683-43.691 0-60.331s-43.691-16.683-60.331 0l-298.667 298.667c-4.096 4.096-7.168 8.789-9.259 13.824-2.176 5.205-3.243 10.795-3.243 16.341 0 10.923 4.181 21.845 12.501 30.165l298.667 298.667c16.683 16.683 43.691 16.683 60.331 0s16.683-43.691 0-60.331z"
        ],
        "attrs": [
          {}
        ],
        "isMulticolor": false,
        "isMulticolor2": false,
        "tags": [
          "arrow-left"
        ],
        "grid": 24
      },
      "attrs": [
        {}
      ],
      "properties": {
        "order": 2,
        "id": 0,
        "prevSize": 24,
        "name": "arrow-left"
      },
      "setIdx": 0,
      "setId": 6,
      "iconIdx": 1
    },
    {
      "icon": {
        "paths": [
          "M621.668 653.668c-44.476 31.692-98.895 50.332-157.668 50.332-150.221 0-272-121.779-272-272s121.779-272 272-272c150.221 0 272 121.779 272 272 0 75.111-30.445 143.111-79.667 192.333l191.916 191.916c8.802 8.802 8.588 22.915-0.249 31.751-8.898 8.898-23.052 8.948-31.751 0.249l-194.581-194.581zM464 672c132.548 0 240-107.452 240-240s-107.452-240-240-240c-132.548 0-240 107.452-240 240s107.452 240 240 240v0z"
        ],
        "attrs": [
          {}
        ],
        "isMulticolor": false,
        "isMulticolor2": false,
        "tags": [
          "search"
        ],
        "grid": 32
      },
      "attrs": [
        {}
      ],
      "properties": {
        "order": 1,
        "id": 0,
        "prevSize": 32,
        "name": "search"
      },
      "setIdx": 1,
      "setId": 5,
      "iconIdx": 0
    },
    {
      "icon": {
        "paths": [
          "M475.802 663.040l36.198 36.198 289.638-289.638-72.397-72.397-217.242 217.19-217.242-217.19-72.397 72.397z"
        ],
        "attrs": [
          {}
        ],
        "isMulticolor": false,
        "isMulticolor2": false,
        "tags": [
          "cheveron-down"
        ],
        "grid": 20
      },
      "attrs": [
        {}
      ],
      "properties": {
        "order": 1,
        "id": 0,
        "name": "cheveron-down",
        "prevSize": 20
      },
      "setIdx": 2,
      "setId": 4,
      "iconIdx": 0
    },
    {
      "icon": {
        "paths": [
          "M877.714 768v73.143c0 20-16.571 36.571-36.571 36.571h-804.571c-20 0-36.571-16.571-36.571-36.571v-73.143c0-20 16.571-36.571 36.571-36.571h804.571c20 0 36.571 16.571 36.571 36.571zM877.714 475.429v73.143c0 20-16.571 36.571-36.571 36.571h-804.571c-20 0-36.571-16.571-36.571-36.571v-73.143c0-20 16.571-36.571 36.571-36.571h804.571c20 0 36.571 16.571 36.571 36.571zM877.714 182.857v73.143c0 20-16.571 36.571-36.571 36.571h-804.571c-20 0-36.571-16.571-36.571-36.571v-73.143c0-20 16.571-36.571 36.571-36.571h804.571c20 0 36.571 16.571 36.571 36.571z"
        ],
        "attrs": [
          {}
        ],
        "width": 878,
        "isMulticolor": false,
        "isMulticolor2": false,
        "tags": [
          "bars",
          "navicon",
          "reorder"
        ],
        "grid": 14
      },
      "attrs": [
        {}
      ],
      "properties": {
        "order": 1,
        "id": 0,
        "prevSize": 28,
        "name": "bars"
      },
      "setIdx": 3,
      "setId": 3,
      "iconIdx": 0
    },
    {
      "icon": {
        "paths": [
          "M634 558q92-64 92-174 0-88-63-151t-151-63-151 63-63 151q0 46 27 96t65 78l36 26v98h172v-98zM512 86q124 0 211 87t87 211q0 156-128 244v98q0 18-12 30t-30 12h-256q-18 0-30-12t-12-30v-98q-128-88-128-244 0-124 87-211t211-87zM384 896v-42h256v42q0 18-12 30t-30 12h-172q-18 0-30-12t-12-30z"
        ],
        "attrs": [
          {}
        ],
        "isMulticolor": false,
        "isMulticolor2": false,
        "tags": [
          "lightbulb_outline"
        ],
        "grid": 24
      },
      "attrs": [
        {}
      ],
      "properties": {
        "order": 1,
        "id": 1,
        "prevSize": 24,
        "name": "lightbulb_outline"
      },
      "setIdx": 4,
      "setId": 2,
      "iconIdx": 0
    },
    {
      "icon": {
        "paths": [
          "M512 86q124 0 211 87t87 211q0 150-128 244v98q0 18-12 30t-30 12h-256q-18 0-30-12t-12-30v-98q-128-88-128-244 0-124 87-211t211-87zM384 896v-42h256v42q0 18-12 30t-30 12h-172q-18 0-30-12t-12-30z"
        ],
        "attrs": [
          {}
        ],
        "isMulticolor": false,
        "isMulticolor2": false,
        "tags": [
          "lightbulb"
        ],
        "grid": 24
      },
      "attrs": [
        {}
      ],
      "properties": {
        "order": 2,
        "id": 0,
        "prevSize": 24,
        "name": "lightbulb"
      },
      "setIdx": 4,
      "setId": 2,
      "iconIdx": 1
    }
  ],
  "height": 1024,
  "preferences": {
    "showGlyphs": true,
    "showQuickUse": true,
    "showQuickUse2": true,
    "showSVGs": true,
    "fontPref": {
      "prefix": "icon-",
      "metadata": {
        "fontFamily": "icomoon"
      },
      "metrics": {
        "emSize": 1024,
        "baseline": 6.25,
        "whitespace": 50
      },
      "embed": false
    },
    "imagePref": {
      "prefix": "icon-",
      "png": false,
      "useClassSelector": true,
      "color": 0,
      "bgColor": 16777215,
      "classSelector": ".icon",
      "name": "icomoon",
      "height": 32,
      "columns": 16,
      "margin": 16
    },
    "historySize": 50,
    "showCodes": true,
    "gridSize": 16
  }
}